attempt,futureRevenueCagr,normalizedOperatingMargin,capexAsPercentRevenue,workingCapitalAsPercentRevenue,wacc,terminalGrowth,estimatedValuePerShare,terminalValueShare,terminalReinvestmentRate
1,0.1701282036,0.6067882113,0.024610291,0.0733554481,0.1172092266,0.029565381,113.91397807,0.6464207059,0.0739134525
101,0.1449404882,0.6184552506,0.0202477852,0.0749687363,0.1204015607,0.0307314855,98.67531074,0.6263306521,0.0768287137
201,0.1631688632,0.604507628,0.0244779929,0.0751237309,0.1200631239,0.0308555032,106.27575649,0.6383769919,0.0771387579
301,0.1520303944,0.6028202468,0.0256564646,0.0737413957,0.1072355582,0.0301972461,117.5637525,0.6748960394,0.0754931151
401,0.1723132252,0.6100359424,0.0331671497,0.0734334852,0.1103000845,0.0311757267,127.47895737,0.6774810019,0.0779393167
501,0.1647879177,0.5782225113,0.0279114432,0.0747625401,0.1101706819,0.0283502652,113.98163785,0.6689908621,0.070875663
601,0.1493321733,0.6125385936,0.0223727745,0.0759828379,0.1144564815,0.0275903384,105.30375055,0.6423900418,0.068975846
701,0.1862784953,0.6011686396,0.0258487167,0.0762854585,0.1176060186,0.0318666418,123.61135875,0.6589301673,0.0796666045
801,0.1753447244,0.6059075051,0.0212031321,0.0797618393,0.1093821157,0.0304407889,130.1029143,0.677490027,0.0761019722
901,0.1769790274,0.6000757385,0.0270096012,0.0760076299,0.1153095248,0.0313121659,120.50660421,0.6621027836,0.0782804146
1001,0.1772949269,0.6029687071,0.0249239062,0.0773456516,0.1074370208,0.0301107093,133.95962001,0.6847304138,0.0752767733
1101,0.1930325308,0.6043148575,0.0241706119,0.0774659074,0.1130144483,0.0271162609,132.56164089,0.6649588923,0.0677906522
1201,0.1711770929,0.6095127452,0.0290322226,0.0760665585,0.1145580605,0.0294237895,118.29444366,0.6583634334,0.0735594737
1301,0.163615631,0.6184796248,0.0258217787,0.0751446157,0.106108135,0.03161829,131.92365696,0.6863075573,0.0790457251
1401,0.1489346231,0.5860914805,0.025308643,0.0731548208,0.1128482131,0.0335768162,106.57600866,0.6635494452,0.0839420405
1501,0.1869157196,0.5965589279,0.0296705566,0.0762892375,0.1134756568,0.0285953979,126.70221563,0.6673033098,0.0714884948
1601,0.1437411097,0.6129144816,0.0226687329,0.0739269554,0.1182353423,0.0268696268,97.38760805,0.6254104489,0.0671740671
1701,0.164863856,0.6020020424,0.0292664793,0.0758987106,0.1174390851,0.0306685688,109.70272682,0.6500534394,0.076671422
1801,0.1895311228,0.6147567652,0.0209622357,0.0762852372,0.1084677438,0.0298807464,144.03701516,0.6819297261,0.0747018659
1901,0.163789793,0.5826438637,0.027387992,0.0753105213,0.1155653461,0.0280135848,106.33807554,0.6500378497,0.070033962
2001,0.1578109611,0.6070304765,0.0229122164,0.0738806642,0.1157908114,0.0298689111,108.98973423,0.6462226324,0.0746722778
2101,0.1813946506,0.6034672779,0.0275160142,0.0743576356,0.112330696,0.0268222545,125.35439436,0.6623827448,0.0670556363
2201,0.1685491712,0.5968841214,0.0249474933,0.0747379257,0.1158579935,0.0275798235,111.40944526,0.6473274977,0.0689495586
2301,0.1815496753,0.5972738083,0.034186622,0.0750022555,0.1123641143,0.0313852551,127.26539732,0.6768323489,0.0784631377
2401,0.1426575097,0.6093641225,0.0275974887,0.0768280298,0.1162717535,0.0293885455,99.42461387,0.6410558418,0.0734713637
2501,0.1630334557,0.6003993168,0.0291026276,0.0771371482,0.1104129542,0.0308159579,118.82893474,0.6733569404,0.0770398948
2601,0.1706843161,0.6001071807,0.0254009557,0.0779712657,0.1162323342,0.0308883251,114.82141485,0.6559340015,0.0772208127
2701,0.2012357908,0.611606018,0.0239120848,0.0752186325,0.1100591054,0.0290698178,147.98045096,0.6800008711,0.0726745445
2801,0.1549853554,0.614609369,0.0214915289,0.0763867832,0.1173970387,0.0284789675,105.62795467,0.636792021,0.0711974187
2901,0.1641634421,0.6111678155,0.0280135252,0.0760406363,0.1097229572,0.0297861605,122.24600779,0.6717493754,0.0744654014
3001,0.1357837407,0.5986943516,0.0240735683,0.0733950725,0.1074355907,0.0289310184,105.71966577,0.6640631017,0.0723275459
3101,0.1592705236,0.6006238577,0.0253259363,0.0740985327,0.1132546745,0.0299995216,112.0961227,0.6571766337,0.074998804
3201,0.1710783866,0.60143562,0.0288134869,0.0779277833,0.1132205236,0.0302781476,119.16724773,0.6660468401,0.075695369
3301,0.1448052422,0.6179385952,0.0213370916,0.0772568209,0.1155381298,0.031474736,104.83471912,0.6456038956,0.07868684
3401,0.1734553006,0.5970499077,0.0229008702,0.0755074804,0.1144614157,0.0326792228,120.47998998,0.6646272865,0.0816980571
3501,0.1700534267,0.6031991167,0.0246983068,0.0745811864,0.1074778287,0.0314687161,130.43946282,0.6838435083,0.0786717902
3601,0.1787471266,0.6022155227,0.0278462181,0.0763820366,0.1091998442,0.0337572241,135.02421555,0.6892029669,0.0843930602
3701,0.1530553698,0.5988545799,0.0312436545,0.0732749645,0.111891411,0.0285378271,108.5565332,0.6585331103,0.0713445678
3801,0.1698826354,0.5957099401,0.0231196755,0.0749831344,0.1225986624,0.0311084762,105.41276631,0.6334780264,0.0777711906
3901,0.1653568997,0.5954713834,0.0280198947,0.0769604653,0.1104340086,0.0314297641,119.88021416,0.6753852179,0.0785744103
4001,0.1670529885,0.6062054144,0.0285405633,0.0736059612,0.1117659135,0.031579373,121.41339325,0.669728374,0.0789484325
4101,0.1922105442,0.5973002942,0.0269622498,0.0767502837,0.1093286205,0.0279397519,137.50132774,0.6798241728,0.0698493798
4201,0.1413870564,0.5886030663,0.022525355,0.0731531707,0.1144943903,0.0335984255,100.77231265,0.6533636546,0.0839960638
4301,0.1740711064,0.5962378574,0.0215359605,0.0782716582,0.110235007,0.0330747167,128.13161567,0.6806514037,0.0826867918
4401,0.1646181672,0.5916232641,0.0275051132,0.0780289855,0.1225291586,0.0305840215,100.97173566,0.6346819478,0.0764600538
4501,0.1764908341,0.593651038,0.02424585,0.0771082124,0.1146555009,0.0323770217,120.88122635,0.6661493995,0.0809425544
4601,0.1873262537,0.6054917422,0.0250634769,0.0736969273,0.115499278,0.0309204189,128.22602092,0.6619627854,0.0773010473
4701,0.142045402,0.5883270875,0.0247347156,0.0747126881,0.1131464305,0.0290924845,99.5504018,0.649486385,0.0727312113
4801,0.1718103165,0.6107711343,0.0282416799,0.0750904435,0.1140935336,0.0288592848,119.38487849,0.6578644246,0.0721482121
4901,0.1535256926,0.5924050828,0.0316002233,0.0777635733,0.1107260081,0.0288223547,109.07366228,0.666204997,0.0720558868
5001,0.1742090314,0.6044714426,0.027679702,0.0763778637,0.107581525,0.0316504902,133.23315341,0.6876289475,0.0791262254
5101,0.1620440366,0.5894282313,0.0250856601,0.0777965732,0.1108993463,0.0296504048,114.50840305,0.6677945756,0.074126012
5201,0.1379264677,0.5990899142,0.0206063748,0.0745737618,0.1135942307,0.0329795407,101.55446705,0.6525242574,0.0824488518
5301,0.1326178583,0.5933549378,0.033138605,0.0776322633,0.1131005991,0.0285325884,94.31599712,0.6499221271,0.0713314711
5401,0.1797024978,0.5990301773,0.0247659434,0.0757762621,0.111193594,0.0303900615,128.33797271,0.67326719,0.0759751539
5501,0.1523195995,0.6045148087,0.025685869,0.0744206007,0.1167442014,0.0308933345,104.534541,0.6450627703,0.0772333362
5601,0.1466901422,0.6003722078,0.0282731403,0.0757962977,0.1091297439,0.027616204,108.43367333,0.662667632,0.0690405099
5701,0.1965490069,0.6034834233,0.0255242734,0.0768726996,0.1118549664,0.025967071,135.78042403,0.6677704863,0.0649176775
5801,0.1762407811,0.609241485,0.0259370736,0.078403368,0.1166115146,0.0300258166,118.82509265,0.6547072299,0.0750645416
5901,0.1997198221,0.6009946715,0.0256662649,0.0731214619,0.1081394514,0.0285508282,147.50271485,0.6850590651,0.0713770704
6001,0.1633266571,0.5963721353,0.0312314049,0.0746545005,0.1097592075,0.0283406948,117.19234973,0.6699377263,0.070851737
6101,0.1667255542,0.5966983165,0.023228978,0.078684227,0.1133787071,0.0285540512,114.33826607,0.6578892014,0.0713851279
6201,0.1838795165,0.5931425198,0.0266973819,0.073268939,0.1158342852,0.0294038153,121.39092773,0.6577237045,0.0735095383
6301,0.1852771729,0.5849279255,0.0249246219,0.0771621397,0.111241883,0.0257319683,124.67230444,0.6663756513,0.0643299207
6401,0.197095278,0.6098719601,0.024687372,0.0736723365,0.1136430193,0.029900381,138.44012273,0.6686646534,0.0747509524
6501,0.1853422083,0.5922090555,0.026043872,0.0741752743,0.1184077183,0.0308409478,119.24503951,0.6534799463,0.0771023695
6601,0.1625637885,0.6130084251,0.032091841,0.0782284584,0.118867205,0.0312174924,108.44599029,0.6475081123,0.0780437309
6701,0.1611938335,0.5779647726,0.0300166433,0.0774061632,0.1149721863,0.0304788525,106.04158955,0.6593436553,0.0761971312
6801,0.1519685919,0.5820345989,0.0231810975,0.0772844107,0.1168085735,0.0292095321,99.1195923,0.6428561883,0.0730238303
6901,0.1645485278,0.6003532619,0.0291909081,0.0786664044,0.1094884105,0.0337540733,123.88505666,0.684958693,0.0843851832
7001,0.1785298626,0.6051032189,0.0268348842,0.0740332733,0.1155716263,0.028206134,119.93210447,0.6534495302,0.0705153349
7101,0.168160226,0.6208921109,0.0256634139,0.0757486646,0.1134598379,0.027828464,119.47828075,0.6545158779,0.0695711599
7201,0.1800777786,0.6025938467,0.0279600659,0.0759398799,0.1201985295,0.0278723872,113.20877919,0.6405772063,0.0696809681
7301,0.172537552,0.5889643994,0.0223013986,0.075908407,0.107222429,0.0337523544,131.86093002,0.6918082737,0.084380886
7401,0.1553011794,0.6236467101,0.0242968662,0.0780945267,0.1127680508,0.0294486783,114.2154689,0.6557467334,0.0736216958
7501,0.1988900782,0.6020386681,0.0247936319,0.0747103889,0.1139456754,0.0302032611,137.4796984,0.670123168,0.0755081527
7601,0.1476706591,0.5812747656,0.0335683156,0.0754026302,0.115543578,0.027144755,96.36968966,0.6452022287,0.0678618876
7701,0.1538120814,0.6124861162,0.0313648454,0.0750027397,0.1174135508,0.0270571652,103.01796046,0.6375712747,0.067642913
7801,0.1552299794,0.5750203869,0.0224546977,0.0731210226,0.1119077242,0.0296821244,106.75958333,0.6592682746,0.074205311
7901,0.1344590779,0.6108591509,0.0332667554,0.0773527541,0.1131782837,0.0267765536,97.06698975,0.6448609161,0.0669413839
8001,0.1526939694,0.6185818171,0.0235636477,0.0766118379,0.1117390099,0.0288833932,112.93770728,0.6560938397,0.072208483
8101,0.1899775567,0.6139741857,0.0264366585,0.07669896,0.1133448159,0.0310273145,135.42482125,0.6716380978,0.0775682864
8201,0.1774799246,0.5999362469,0.0268150771,0.0740089987,0.1128327762,0.0333676849,126.85580505,0.6741269112,0.0834192122
8301,0.1896097689,0.5881994556,0.0249811262,0.0738601247,0.1143386043,0.0303475593,127.32543592,0.666536103,0.0758688983
8401,0.145931262,0.5900218325,0.0249475498,0.0778001265,0.1100628965,0.0316981092,107.86893061,0.6691556745,0.0792452731
8501,0.167570727,0.607989134,0.0292762279,0.076186299,0.1120326418,0.0267755911,117.51302731,0.6594460958,0.0669389778
8601,0.1706706688,0.5982267979,0.027032446,0.0771239403,0.109639584,0.0294367994,123.58112057,0.6746480869,0.0735919985
8701,0.1602164954,0.6007110948,0.0249830047,0.0745803342,0.1089655214,0.0303445557,119.62802606,0.6727204407,0.0758613891
8801,0.1854945239,0.6163803734,0.0259739224,0.0783043872,0.1106836179,0.032265369,138.84123079,0.682018328,0.0806634226
8901,0.1374646619,0.5878281292,0.024478201,0.0772898273,0.1123151427,0.033554918,100.92401214,0.6622756805,0.083887295
9001,0.143126647,0.6124809049,0.024322662,0.0780852701,0.1150249038,0.0337912278,104.9162092,0.6543511821,0.0844780694
9101,0.1447396705,0.5933575829,0.0254048111,0.0764224987,0.1178815038,0.0266026566,94.48869431,0.6305361018,0.0665066416
9201,0.1795702083,0.6011104929,0.0238266199,0.0792651269,0.1138028026,0.0309852564,124.56730947,0.6671719538,0.0774631409
9301,0.175969447,0.5958565238,0.0235554941,0.0741050696,0.1199864957,0.0333822153,114.00469932,0.6489042883,0.0834555383
9401,0.1587672336,0.5939381069,0.0295235255,0.0740907094,0.11073042,0.0323024728,115.78220658,0.6734462023,0.0807561821
9501,0.1403289099,0.5838926298,0.0236468386,0.0741778689,0.1127458902,0.0288747367,98.34264667,0.6491095444,0.0721868416
9601,0.1560895011,0.581123723,0.023885292,0.0743487981,0.1103523735,0.0308757601,111.42128349,0.6685368003,0.0771894002
9701,0.1732539039,0.5988231494,0.0298620019,0.0744883317,0.1085434095,0.0314330884,129.22432783,0.6840724536,0.0785827209
9801,0.1775421379,0.5771002988,0.0297397271,0.0780980151,0.1154419652,0.0288876703,113.56009772,0.6608400844,0.0722191757
9901,0.1884606868,0.6125873358,0.0257676009,0.0761446441,0.1105366204,0.0314410379,139.79415091,0.6807538933,0.0786025946
10001,0.1690746719,0.5989773741,0.026184059,0.0755522199,0.114069107,0.0335175273,119.12134615,0.667743396,0.0837938183
10101,0.1417734456,0.5892484112,0.0254223665,0.0760148052,0.1103496887,0.0253915342,100.60629133,0.6510257627,0.0634788354
10201,0.1312131951,0.6190734572,0.027507384,0.0768227508,0.1123806807,0.0329829009,102.2841585,0.6569961022,0.0824572522
10301,0.1794462378,0.6020365608,0.0257241977,0.0777963813,0.1110224203,0.0324740276,130.81793007,0.6798962625,0.0811850689
10401,0.1765655315,0.5998577937,0.0311313367,0.0751776123,0.1134056132,0.0275804898,119.94088451,0.6613330903,0.0689512246
10501,0.1873760853,0.5940416086,0.0258621374,0.0766107626,0.1120726024,0.0284015494,128.96901738,0.6699654562,0.0710038734
10601,0.1627000785,0.5993296682,0.0237711627,0.0742298731,0.111082286,0.0308861132,118.08158595,0.6671850166,0.077215283
10701,0.1682407709,0.5848029049,0.0333262777,0.0746658358,0.1151430332,0.0315104038,111.92644003,0.6635489479,0.0787760094
10801,0.1838024598,0.5870722985,0.0253615775,0.0752182434,0.1115843368,0.0274037392,125.1438858,0.667555698,0.0685093481
10901,0.1838703635,0.5907500096,0.0276448767,0.0750789202,0.1143476117,0.032662518,125.68939271,0.6714599752,0.081656295
11001,0.1793747882,0.6094995143,0.0252851881,0.0759376948,0.115237217,0.0331653115,125.8998086,0.665911706,0.0829132787
11101,0.1707384028,0.5961600819,0.0328698766,0.0752720297,0.1212515182,0.0263149627,103.97996068,0.6331710767,0.0657874068
11201,0.1596816053,0.6043463728,0.0244738802,0.0768508045,0.111705158,0.0260807444,112.28929617,0.6541056916,0.065201861
11301,0.1440008533,0.5808775607,0.0333950153,0.0761625189,0.110160797,0.0258643711,100.21461075,0.6585785922,0.0646609277
11401,0.1757678893,0.6068219239,0.0284678949,0.0748473605,0.1070042784,0.0318082921,136.26402822,0.6900095724,0.0795207302
11501,0.164257669,0.5843171779,0.023723669,0.0739064437,0.1130037583,0.0287430342,111.42946171,0.6573537689,0.0718575856
11601,0.1986388108,0.6061173095,0.0273315725,0.0776523567,0.1188609558,0.0327355986,131.32349455,0.6624551268,0.0818389966
11701,0.1492266584,0.5889179251,0.0265998016,0.0780598577,0.1127758679,0.0305859489,104.69958488,0.659727442,0.0764648722
11801,0.1713804621,0.5934058977,0.0237107855,0.074779499,0.113480785,0.0265418848,115.1741691,0.6533567665,0.0663547119
11901,0.1604939036,0.5988478237,0.0258732405,0.0754415988,0.1129952002,0.0252800187,109.33534089,0.6489010351,0.0632000467
12001,0.1397238557,0.6069910252,0.0232873299,0.0773606493,0.1088239766,0.029657707,107.84469208,0.6636335221,0.0741442676
12101,0.1845938503,0.5915226729,0.0294879271,0.0748493691,0.1136046617,0.0288391691,124.18824545,0.6661697751,0.0720979228
12201,0.1843203167,0.6028596961,0.0264100127,0.0772954918,0.1129618535,0.0272196708,126.28980545,0.6632988465,0.0680491771
12301,0.1826081237,0.579613017,0.0268235113,0.0766041945,0.1087403311,0.0314822038,131.04348346,0.6879240187,0.0787055094
12401,0.1742648159,0.6036492803,0.0268650353,0.0774249146,0.1082189553,0.03099704,131.2013088,0.6840811215,0.0774926001
12501,0.1700055272,0.59253348,0.0232155523,0.0770875953,0.1087836077,0.0287044908,123.04411549,0.6740294699,0.071761227
12601,0.191993132,0.5879919936,0.0235425396,0.0776195631,0.1179350119,0.0301870963,122.68472972,0.6568344627,0.0754677408
12701,0.1749285279,0.6032283871,0.0211014511,0.0766307568,0.1158130785,0.0308276412,119.17098112,0.6557352978,0.0770691031
12801,0.17735282,0.5938282053,0.0284342514,0.0752600977,0.1130809556,0.0293721937,121.32812823,0.6658614489,0.0734304842
12901,0.1739181349,0.5978905895,0.0263197681,0.0744069027,0.1145601727,0.0301252392,118.54484363,0.6596934503,0.0753130979
13001,0.1462395985,0.6119995138,0.0278572845,0.0782491219,0.1213713904,0.0297505216,95.7745207,0.6276027392,0.0743763039
13101,0.1764392114,0.6157787632,0.0229109203,0.0773557214,0.1118096472,0.0305490953,128.91968253,0.6690874514,0.0763727384
13201,0.1588152753,0.5958765985,0.0232673851,0.075163334,0.1177397623,0.0304689283,105.12746195,0.6432825575,0.0761723208
13301,0.1580516203,0.5972757807,0.0275610242,0.0756260478,0.1162973303,0.030992612,106.84244844,0.6511557145,0.07748153
13401,0.1703547039,0.6122022833,0.0237543727,0.0747105564,0.1170620171,0.0317167352,116.85392494,0.6516627341,0.079291838
13501,0.1805330455,0.6029682652,0.0275438829,0.0744800943,0.1136717128,0.0265585495,122.32514647,0.6573309991,0.0663963738
13601,0.1721366597,0.5934801499,0.0270804893,0.078151626,0.1143764146,0.0293538458,115.81463545,0.6604835347,0.0733846145
13701,0.1432150575,0.6022916582,0.023366179,0.0770629835,0.1094440632,0.0266309304,105.90853271,0.6559578722,0.0665773259
13801,0.1420135741,0.610141286,0.0240483479,0.0745106058,0.1178634074,0.0277723593,96.81209454,0.6290229348,0.0694308982
13901,0.1558275161,0.6047572809,0.032022571,0.0756335591,0.1066695709,0.0335492341,123.88817052,0.6905053694,0.0838730851
14001,0.163102805,0.6214196411,0.0304851265,0.0751243136,0.1081284093,0.0279925043,124.67296198,0.6723944594,0.0699812607
14101,0.1659446307,0.6071143027,0.0237975066,0.0768888132,0.1166885023,0.0328745274,114.37471685,0.6552685486,0.0821863184
14201,0.1345008254,0.6063634661,0.0228284463,0.0779682677,0.1179921948,0.0297873252,93.16646566,0.6312863935,0.0744683131
14301,0.1697866497,0.589161126,0.0261599702,0.0746027432,0.1184693659,0.0299357762,108.53521961,0.6458292583,0.0748394406
14401,0.1664986275,0.6096627437,0.0215652936,0.0754192345,0.1163355418,0.0288639767,113.1353702,0.64555511,0.0721599417
14501,0.1873470812,0.5963829908,0.0333344655,0.0771690419,0.1139875399,0.0320019433,128.60535873,0.6758164881,0.0800048582
14601,0.1431304628,0.59906518,0.025719047,0.0728502935,0.1151702102,0.0311892485,100.86516436,0.646813589,0.0779731212
14701,0.1399994761,0.5824870414,0.0230016294,0.0747863617,0.110052392,0.0313628768,103.20010954,0.6640862131,0.078407192
14801,0.1438443566,0.5963813469,0.026644935,0.0734350827,0.1075243021,0.0335509988,113.5629301,0.6799647698,0.083877497
14901,0.1667715532,0.5796262621,0.0240354083,0.0737574884,0.1103601885,0.0317848187,118.46186645,0.6746353695,0.0794620467
15001,0.169427615,0.5990876372,0.028785935,0.0746561961,0.1127055965,0.0295743791,118.16636555,0.6640181577,0.0739359477
15101,0.1960736434,0.6001922635,0.0262444689,0.075162208,0.1183509583,0.0306411506,127.72446545,0.6572061838,0.0766028764
15201,0.1658631315,0.5994278451,0.0250573597,0.0772067635,0.1146948611,0.0322684625,115.18602834,0.6617502513,0.0806711562
15301,0.1735789501,0.5946840092,0.0268714567,0.0736997466,0.1157826901,0.0299526535,115.70876376,0.655396006,0.0748816338
15401,0.1865648184,0.6071458459,0.0252194976,0.0729235253,0.1119725635,0.0268502492,130.6264967,0.6634042966,0.067125623
15501,0.1706454506,0.5859379364,0.021931419,0.0772444712,0.1115895537,0.032190405,120.49630984,0.6731529676,0.0804760125
15601,0.1416555699,0.6011934136,0.0247269558,0.0758314819,0.1157942705,0.028192097,97.65593772,0.6381680438,0.0704802424
15701,0.1597179459,0.5889988564,0.0251689186,0.0758204664,0.117243821,0.0264671816,102.29726644,0.6383188478,0.0661679541
15801,0.1828806605,0.6098600257,0.0241764308,0.0746821633,0.1149720378,0.0276235457,124.40056651,0.6543774508,0.0690588642
15901,0.1832119825,0.6066150744,0.0238936855,0.074731772,0.1061939198,0.0294840885,141.29240874,0.6874975769,0.0737102212
16001,0.1967910413,0.6028029357,0.0297613695,0.0754581934,0.1127451132,0.0270145119,134.87002557,0.6688128891,0.0675362798
16101,0.1774960874,0.608617535,0.023066065,0.078516384,0.1193654022,0.0281625096,114.40414595,0.6411282671,0.0704062741
16201,0.1487197791,0.6158070018,0.0259992408,0.0731581379,0.1149753727,0.0284421944,105.35357864,0.6425377616,0.0711054859
16301,0.1874632998,0.6092113569,0.0326429155,0.0748092605,0.1125084381,0.0317195328,134.30236446,0.6774787293,0.0792988321
16401,0.1617838654,0.6065307357,0.0262466256,0.0744628105,0.1140410866,0.0279455796,112.0116828,0.651113534,0.069863949
16501,0.1710246284,0.6100937365,0.0219261933,0.0776448853,0.1189700876,0.0305298292,113.140754,0.6438387809,0.0763245731
16601,0.1540157931,0.5948444688,0.0333336892,0.0781881492,0.1200307796,0.0299006448,98.08696384,0.6396689903,0.074751612
16701,0.1707023323,0.5791671319,0.0260301228,0.0742726007,0.1154615961,0.0320205604,112.82685967,0.6610936174,0.080051401
16801,0.1727746367,0.6105870763,0.0279060875,0.0785486013,0.1147991739,0.0321857841,121.23038835,0.6650719953,0.0804644604
16901,0.1527265943,0.6166093226,0.0270673973,0.0768241207,0.1115904289,0.0295427394,112.99765053,0.6600824406,0.0738568485
17001,0.1626493578,0.5811966927,0.0289172763,0.0758182095,0.1129695667,0.03249504,112.13294532,0.6694672001,0.0812376001
17101,0.1701167012,0.610537633,0.0257528199,0.0737721393,0.1166391475,0.0309270065,116.32491499,0.6517950813,0.0773175163
17201,0.1761342481,0.5999043297,0.0252395373,0.077106121,0.1177238518,0.0302753844,115.56316701,0.6513878024,0.075688461
17301,0.1540739742,0.6181228398,0.0309651577,0.0758419699,0.1077754738,0.0284522682,118.9653962,0.6720554132,0.0711306704
17401,0.1596508631,0.5993900674,0.0291988546,0.0750016163,0.1110110236,0.0306750398,115.60034995,0.6688125069,0.0766875995
17501,0.1632387854,0.5933436441,0.0306658673,0.0739858917,0.1110268041,0.0292036766,115.33991423,0.6673677589,0.0730091915
17601,0.1729213191,0.5957695169,0.0256189367,0.0783246536,0.1170491695,0.0267248813,111.1804101,0.6456974131,0.0668122032
17701,0.152016017,0.6023295324,0.0223480673,0.0742701176,0.1140981497,0.026570048,104.91126005,0.6422104846,0.06642512
17801,0.1618932928,0.6106878336,0.0251080755,0.0731881644,0.1182760191,0.0283465811,107.55210977,0.6369751365,0.0708664529
17901,0.167373445,0.603438319,0.023222795,0.0788860703,0.1111597763,0.0330039765,123.31152427,0.6754773519,0.0825099414
18001,0.1755896852,0.5770998688,0.0235680502,0.0764323993,0.1083532208,0.0295727673,124.85957187,0.6805952878,0.0739319182
18101,0.1759524292,0.6160404891,0.0269818384,0.0762079772,0.1152202936,0.0334939344,125.16154516,0.6659303732,0.0837348361
18201,0.158715604,0.583442584,0.0239033015,0.0745651986,0.1119860487,0.0302459327,110.50354392,0.6625344784,0.0756148317
18301,0.1727202185,0.6168886087,0.0277419736,0.0770646568,0.1109538191,0.0273916611,124.94553642,0.6652888445,0.0684791528
18401,0.194237259,0.6054765421,0.0274850055,0.0755990052,0.1165796165,0.0279239927,128.22613726,0.6566176176,0.0698099819
18501,0.1569863267,0.612419859,0.0228723258,0.0783689107,0.1148386714,0.0312916338,111.51195518,0.6540874635,0.0782290845
18601,0.1725559179,0.6079564034,0.0234838047,0.0751181329,0.1111275979,0.0331594241,128.28895684,0.6758824788,0.0828985602
18701,0.1743087324,0.5950415841,0.0265455935,0.0772321826,0.1164914437,0.0292822153,114.41884376,0.653524729,0.0732055382
18801,0.1565228928,0.6044549034,0.0227113572,0.0740834485,0.1096441041,0.031014153,117.74515969,0.6690341822,0.0775353826
18901,0.1808963918,0.6115802077,0.0286225035,0.0782209145,0.1119577204,0.032927017,132.42971314,0.6792832292,0.0823175425
19001,0.1922306141,0.577408644,0.0245333646,0.0731480963,0.1147841236,0.0344506165,129.57084845,0.6757028212,0.0861265414
19101,0.1814609216,0.6031034879,0.0260913093,0.0757897836,0.109549231,0.0323257151,135.24793535,0.6843163102,0.0808142878
19201,0.183053761,0.6007494687,0.0313708525,0.0730091275,0.109388795,0.0320932327,135.67770096,0.6862299375,0.0802330817
19301,0.1897502076,0.6140469511,0.0222747371,0.0770674085,0.1136896349,0.0297322523,133.84166048,0.6656672385,0.0743306306
19401,0.1708767816,0.6155438355,0.0301516438,0.0757104389,0.1159289761,0.028702295,116.66243212,0.6521619687,0.0717557375
19501,0.1901958537,0.6095938257,0.0275118512,0.0742494474,0.1177075846,0.0286781052,125.37411134,0.6522661857,0.0716952631
19601,0.1596161739,0.5939619247,0.0258325104,0.0729017092,0.1156322678,0.0304070935,107.98588801,0.6506003268,0.0760177337
19701,0.1697761747,0.6120179902,0.0237262482,0.0754636812,0.1142354969,0.0282490258,118.03600236,0.653128145,0.0706225646
19801,0.1636651137,0.6148869244,0.0296046574,0.076337506,0.1124473353,0.025166072,114.63698288,0.6527301295,0.0629151801
19901,0.1838712356,0.5990639694,0.0237457908,0.0740647674,0.112863053,0.0316009505,129.62751656,0.6708048223,0.0790023763
20001,0.1743089247,0.6014170422,0.0229522118,0.074145893,0.1216827006,0.0295523298,109.29625803,0.6338646211,0.0738808246
20101,0.1773945013,0.5946876522,0.0265395773,0.0746967032,0.1210536744,0.0309535991,111.15088302,0.6426677073,0.0773839979
20201,0.1672959694,0.6000166624,0.022207347,0.0745169872,0.1112620151,0.0330128759,122.83089943,0.6727582212,0.0825321896
20301,0.1571949432,0.5928848132,0.0274650911,0.0750294066,0.1083593195,0.0313611127,117.71181129,0.6781256549,0.0784027817
20401,0.1559432731,0.6050972026,0.0236187405,0.0794223827,0.1149348209,0.0301804202,108.43164612,0.6522400674,0.0754510506
20501,0.1545336667,0.6019499777,0.0295371384,0.0776928583,0.1131441729,0.0319377629,110.50752474,0.6640185246,0.0798444074
20601,0.1608818882,0.6007919748,0.0264153831,0.0758659228,0.1187491517,0.0281909961,104.13597003,0.6374933966,0.0704774903
20701,0.1713071047,0.6032453914,0.0233614805,0.0768378239,0.1098816621,0.0294873152,125.08070803,0.671895323,0.0737182881
20801,0.1754613558,0.5967858756,0.0287431277,0.0759860832,0.1102099242,0.0296375598,125.61276801,0.6754068577,0.0740938994
20901,0.1869893904,0.5987144732,0.0338115938,0.0770984561,0.1197826715,0.0291346218,117.39197979,0.6510960991,0.0728365545
21001,0.1656878642,0.5939087922,0.0288935532,0.0754364411,0.110766367,0.0281075857,116.53049613,0.6664022181,0.0702689642
21101,0.1707423193,0.5990745319,0.026691912,0.077987875,0.1093378708,0.0315635824,126.22563408,0.6809448026,0.078908956
21201,0.1343673066,0.5903513402,0.0296439398,0.0743275426,0.1121331473,0.0309870599,97.99350646,0.6563540019,0.0774676499
21301,0.1621386244,0.5974148199,0.0247840176,0.0773859389,0.109107518,0.0312407031,120.50404155,0.6766507158,0.0781017577
21401,0.1511161821,0.5857498718,0.0229480135,0.0761804344,0.1149182687,0.0315600273,103.37384716,0.6530440246,0.0789000682
21501,0.1769846148,0.5972712769,0.0296867992,0.0746770564,0.1183588609,0.0290100689,113.57160884,0.6481852429,0.0725251722
21601,0.1465700922,0.593176289,0.0292432581,0.0747029147,0.1123014168,0.0269697223,102.23970926,0.6511683703,0.0674243057
21701,0.2020311546,0.6064898472,0.0284568484,0.0733390093,0.1123489919,0.028463954,141.9431289,0.6731944025,0.0711598851
21801,0.1703427635,0.5951031224,0.0248627831,0.0733823674,0.1104203423,0.0290054403,121.54892284,0.6682510813,0.0725136008
21901,0.1891974672,0.6029534208,0.0251135202,0.0752564643,0.1139918837,0.0300400504,130.57831612,0.6664739183,0.0751001261
22001,0.1785149287,0.5906749349,0.0249933681,0.073518028,0.1145415558,0.0293016912,119.51289685,0.659060425,0.073254228
22101,0.1650113686,0.609477665,0.0245403577,0.0762453218,0.1176429667,0.0310309327,111.56002099,0.647491952,0.0775773317
22201,0.1667369772,0.6198431048,0.0263191527,0.0792978132,0.1108280721,0.031413473,125.21380674,0.6730203245,0.0785336826
22301,0.1512151795,0.6180175131,0.027658848,0.0788295798,0.1125848375,0.0318002742,112.39400566,0.6626541957,0.0795006855
22401,0.1756757361,0.6048466255,0.0287986201,0.0780414701,0.115072554,0.0308230404,120.32136189,0.6628030992,0.077057601
22501,0.1536637636,0.5863746278,0.0323891344,0.0768772351,0.1134614173,0.0281962329,103.76319503,0.6563523713,0.0704905823
22601,0.1792265377,0.6073416834,0.0273526503,0.0751299992,0.1199264803,0.0274606545,113.87211719,0.6391307939,0.0686516362
22701,0.1537984247,0.5785346583,0.0206289482,0.0779718951,0.1099742757,0.0321721402,111.11791491,0.67246408,0.0804303506
22801,0.1843008183,0.6226754579,0.0231514449,0.0755275867,0.1182820742,0.0303361017,124.96081248,0.6494165463,0.0758402542
22901,0.1983637001,0.5826415098,0.0290033042,0.0759903831,0.1208971111,0.0294494497,120.1397786,0.6508715428,0.0736236242
23001,0.1394506072,0.6009024433,0.024796656,0.0750707205,0.1160819245,0.0311554989,97.94075547,0.6427054098,0.0778887472
23101,0.1664474176,0.5972180122,0.025633733,0.077057863,0.1133251629,0.0291211233,114.71161529,0.6595971856,0.0728028083
23201,0.1534402154,0.6107898471,0.0304513755,0.0774685551,0.1112632137,0.0332484823,115.45512076,0.6727133781,0.0831212058
23301,0.1461891387,0.599577072,0.0309675488,0.0741451529,0.1126798918,0.0320999933,106.15093009,0.6617944087,0.0802499833
23401,0.1759017319,0.5941006175,0.0258088407,0.0746812146,0.1198053946,0.032709323,113.14808864,0.6495359085,0.0817733075
23501,0.1950523802,0.6076721965,0.0288376977,0.0741235601,0.1145732902,0.0312637673,135.57854485,0.6704158736,0.0781594183
23601,0.1703043562,0.5967948027,0.032647088,0.0745001447,0.1150715674,0.031490937,115.77964811,0.6630850192,0.0787273426
23701,0.1692687468,0.6094470196,0.0227004143,0.0768212731,0.1178995676,0.0322929888,114.73644758,0.6505385423,0.0807324721
23801,0.1701097596,0.6056107996,0.026686798,0.0758399065,0.1159036271,0.0333640285,118.05160592,0.6616013103,0.0834100713
23901,0.1441513447,0.6072803948,0.0234713277,0.0777437345,0.1168470073,0.0278053398,98.46309063,0.6348177627,0.0695133494
24001,0.1500927612,0.6073296774,0.0279462471,0.0732685613,0.1103864174,0.026534757,109.39048959,0.655387931,0.0663368925
24101,0.1291204683,0.6173713694,0.0244677151,0.0776408878,0.1135147308,0.0312717386,98.3494818,0.6471593384,0.0781793466
24201,0.1789065115,0.5929116348,0.0243711696,0.0789813369,0.1096726228,0.0289604776,127.51403039,0.6764642633,0.0724011941
24301,0.1623064507,0.5974987717,0.0276378725,0.0774588709,0.1090686301,0.0272854319,117.08209614,0.6688768374,0.0682135797
24401,0.1694480365,0.5948946742,0.0228740457,0.077837353,0.1125691887,0.0317905242,119.56361297,0.6685889459,0.0794763105
24501,0.1730641299,0.6050950692,0.0317921932,0.0746762416,0.1108186686,0.0260231956,121.61461764,0.6644572044,0.0650579891
24601,0.1603133274,0.6163910016,0.0293653796,0.0736607213,0.1137320167,0.0297753165,114.63506437,0.6561227207,0.0744382913
24701,0.180360974,0.6033984804,0.0254693227,0.0764551625,0.119310118,0.027641512,114.78676846,0.6418757406,0.0691037801
24801,0.1689127552,0.6189646385,0.0223577131,0.0751630274,0.109252737,0.0290140903,127.75783733,0.6696084464,0.0725352256
24901,0.1420165024,0.6027450896,0.0281097238,0.0739892142,0.1083838923,0.0300085675,109.21152943,0.6679273304,0.0750214189
25001,0.1626681577,0.5921500821,0.030510688,0.0763219679,0.1119937841,0.0305524394,114.14470839,0.6683109599,0.0763810986
25101,0.1603457869,0.5919494712,0.0297507638,0.0765450753,0.1089880107,0.026713798,114.29814323,0.6681149497,0.066784495
25201,0.1468395305,0.6065129674,0.0314449782,0.0787297311,0.1145715517,0.0296976359,103.12284527,0.6521653492,0.0742440897
25301,0.1647851782,0.5862829885,0.0232325128,0.0777939618,0.1102385693,0.0323993637,119.0771998,0.676908012,0.0809984092
25401,0.164679541,0.5817562835,0.0261676888,0.0760335284,0.1118826214,0.0286019315,112.30612857,0.6633998028,0.0715048287
25501,0.1636379592,0.5914686073,0.0268401825,0.0743161073,0.1161575838,0.0295730629,108.32268481,0.650032253,0.0739326573
25601,0.1610643434,0.5942904815,0.0250906025,0.0761112147,0.1095753964,0.0317008636,118.86621134,0.675540827,0.079252159
25701,0.1778399516,0.5995882301,0.0253435389,0.0747560642,0.1093679647,0.0306177169,130.68102367,0.6789050817,0.0765442923
25801,0.1706715418,0.6031244109,0.0239486399,0.0753533365,0.1159790482,0.0318749957,116.89751965,0.6567290918,0.0796874892
25901,0.1857734735,0.6035334829,0.0208963178,0.0767363214,0.1164489053,0.0296209852,124.27224599,0.6550308045,0.074052463
26001,0.1440301479,0.5893251578,0.0246542346,0.0756331675,0.10675897,0.030737252,111.04916379,0.6762139081,0.07684313
26101,0.1666714027,0.5846300744,0.0252522735,0.0776597568,0.1094816071,0.0290930318,118.1547017,0.673311679,0.0727325794
26201,0.1429927197,0.6088352382,0.0330073855,0.0783196849,0.1125243138,0.0291979394,103.6979188,0.6565847786,0.0729948484
26301,0.1738243994,0.5998219646,0.0319654935,0.078108237,0.1121472159,0.0322399465,123.72224385,0.6769411051,0.0805998663
26401,0.1880853604,0.6219019531,0.0230107174,0.0749139797,0.1120071884,0.0298838638,137.76929202,0.6696534522,0.0747096596
26501,0.154774788,0.5822144278,0.0279229762,0.0754555291,0.1119530894,0.031090743,108.22877745,0.6657224153,0.0777268576
26601,0.1847814824,0.6052819608,0.0267909724,0.075451857,0.111890516,0.029626655,131.1743842,0.6714483715,0.0740666376
26701,0.1680581315,0.5949536581,0.0232155303,0.0759461858,0.1133549655,0.0256047745,112.93331361,0.650625963,0.0640119363
26801,0.1528400934,0.5871967262,0.0291981817,0.0771113812,0.1105718558,0.0283883695,107.81449802,0.6643062456,0.0709709238
26901,0.1695444583,0.6053024905,0.0265635783,0.0740819586,0.1193757895,0.0296912637,110.13186263,0.6410283731,0.0742281593
27001,0.1625091127,0.592482506,0.0206623293,0.0739673453,0.1127312027,0.0265128233,111.06081985,0.6503725787,0.0662820583
27101,0.1505754347,0.5741828589,0.0266871653,0.0738340726,0.1131761355,0.0295332208,101.76503395,0.6555422908,0.0738330519
27201,0.1768278809,0.6003271071,0.0280725982,0.0775047532,0.1128828542,0.03008591,123.12735373,0.6683694817,0.0752147751
27301,0.1634838356,0.6088172349,0.0246785389,0.0766723875,0.1190154512,0.0339489193,110.5999796,0.6493442175,0.0848722982
27401,0.1634322364,0.6159071941,0.023148514,0.0768204482,0.1129845807,0.0331961466,120.65851338,0.6663917012,0.0829903665
27501,0.1577316133,0.6086081723,0.0255472716,0.0763820591,0.1123177371,0.0273526528,111.93635742,0.6542221173,0.0683816319
27601,0.1694157078,0.5988384983,0.0292950164,0.0751493167,0.1193663904,0.0271729029,106.92687469,0.6380670121,0.0679322572
27701,0.1799064534,0.6017899292,0.0284021613,0.0748038947,0.1150492828,0.0298868331,122.00776976,0.6607866904,0.0747170829
27801,0.1560277761,0.6010690962,0.0291518237,0.0773677478,0.1155118542,0.0293265255,106.06911011,0.6505387893,0.0733163138
27901,0.1751753581,0.5823347413,0.0266812455,0.0749790863,0.1160121732,0.0285831709,112.73481405,0.6537673053,0.0714579272
28001,0.1579914489,0.603780694,0.029119033,0.0750461085,0.1153026748,0.030091637,108.70367908,0.6523148286,0.0752290925
28101,0.1539735518,0.5964160092,0.0250813099,0.0771720992,0.110187312,0.0291774282,111.77439521,0.6650819588,0.0729435704
28201,0.1983997586,0.6090096267,0.0301393465,0.0739574846,0.113549466,0.0321058324,140.91663593,0.6772761779,0.080264581
28301,0.1731625081,0.6049594305,0.0266684154,0.0738880512,0.1078369857,0.0312560022,132.03177954,0.6837197081,0.0781400054
28401,0.1505394412,0.5934236108,0.0321189619,0.0756690589,0.1082593954,0.0302463022,112.45141801,0.6758004532,0.0756157554
28501,0.1629269127,0.6058679016,0.023276101,0.0779685151,0.1158454849,0.0316017599,112.56027121,0.6543051725,0.0790043998
28601,0.1851274465,0.5957468881,0.025099818,0.0738583078,0.1092285451,0.0304550309,135.14363368,0.6813260291,0.0761375772
28701,0.1610166238,0.5938397478,0.0256465925,0.0748150642,0.1134378046,0.0295831059,111.14509957,0.657322799,0.0739577647
28801,0.1651711712,0.5953143165,0.027199467,0.0746989451,0.1109210344,0.0291208584,117.27904395,0.6667219339,0.0728021461
28901,0.1686367492,0.6225272466,0.0305786338,0.0743631263,0.1171737774,0.0296755273,115.62560835,0.6484945101,0.0741888182
29001,0.1664570866,0.6096708553,0.0275436195,0.0740964589,0.1132489303,0.0320327711,119.76749944,0.6651439093,0.0800819277
29101,0.1646777184,0.598916167,0.02513523,0.0758183382,0.1150676654,0.0324228691,114.02915834,0.6598075385,0.0810571727
29201,0.1939183446,0.6015186625,0.0286351854,0.0736678919,0.1127789995,0.0301208047,135.57736223,0.6733095499,0.0753020118
29301,0.1738711059,0.6040910476,0.029840828,0.0736914422,0.1123417766,0.0308292928,123.70293913,0.6694530656,0.0770732319
29401,0.1637354557,0.6096836622,0.0252014872,0.075444421,0.1134029962,0.0291294804,115.61556569,0.656369986,0.0728237009
29501,0.1459319837,0.6130899173,0.0241387514,0.0755179371,0.1129120108,0.0301702686,107.20657305,0.6526317006,0.0754256715
29601,0.1756548482,0.6052158855,0.0318853028,0.0778482625,0.1123398315,0.0317661987,125.39756145,0.6752664984,0.0794154968
29701,0.1779526972,0.6058493552,0.0275036054,0.0728827716,0.1113187105,0.0289920868,127.22326756,0.668392757,0.0724802171
29801,0.1947499092,0.6132494012,0.030209033,0.0755137053,0.1219913013,0.0333200431,125.60224644,0.6522753972,0.0833001079
29901,0.1629567798,0.6224972968,0.0285977762,0.0760210447,0.1195284176,0.0285909761,108.3221275,0.6362577012,0.0714774402
30001,0.1834868585,0.6024280884,0.0221676279,0.0752336777,0.1115376878,0.0277385188,129.03280566,0.665641408,0.069346297
30101,0.1864632101,0.6039375441,0.0240582789,0.0778973223,0.1135531525,0.0306467625,130.06667638,0.6689747491,0.0766169061
30201,0.1769630685,0.5973946565,0.0246386654,0.0779912723,0.1152747526,0.0306086323,119.46476666,0.6606265385,0.0765215809
30301,0.1573884897,0.6134019843,0.0231026938,0.0740649487,0.1159847472,0.0338033758,112.46682196,0.6542425991,0.0845084396
30401,0.1796273788,0.5965217219,0.0303223133,0.0787654512,0.1123406494,0.0315143357,125.96960294,0.6765193422,0.0787858393
30501,0.1529180587,0.5906833083,0.0296976269,0.0759337944,0.1131954598,0.0342921072,109.23912808,0.6689361377,0.085730268
30601,0.1567500924,0.6060153944,0.0256079517,0.0754976041,0.1092686318,0.0330231954,120.23914447,0.6773058496,0.0825579886
30701,0.1598994343,0.5956215787,0.0258866035,0.0766839281,0.111710583,0.0298712059,113.4180363,0.6641677986,0.0746780149
30801,0.1739445489,0.5912686323,0.0214577346,0.0735364255,0.1118135302,0.032475837,124.05612035,0.6718545577,0.0811895925
30901,0.1521567667,0.5953595502,0.0304677646,0.0760911162,0.1190261045,0.0272313525,97.28014165,0.6336796529,0.0680783813
31001,0.1440713591,0.5981025536,0.029007023,0.0760503948,0.1198668022,0.0285645337,93.52180022,0.6294937755,0.0714113342
31101,0.1390597113,0.6182218818,0.0221756483,0.0750544264,0.1204541594,0.0292171787,94.55712831,0.62135904,0.0730429467
31201,0.175209661,0.6032865781,0.0281026944,0.0761015598,0.1174076501,0.0269416449,113.65152092,0.645469783,0.0673541123
31301,0.1660696197,0.6122676049,0.0241864816,0.0735267533,0.1150084634,0.0301064452,116.14996345,0.6526516379,0.0752661131
31401,0.1680601933,0.6051999645,0.0214034885,0.0743857984,0.1119616371,0.0319456831,122.39991025,0.667315485,0.0798642077
31501,0.1726037535,0.6008613696,0.0258894436,0.0746324968,0.1084666033,0.0293046932,127.69049584,0.6769656253,0.0732617331
31601,0.1787699296,0.6200170264,0.022927861,0.0755678757,0.1104461566,0.0272390264,131.03923427,0.6656121394,0.0680975661
31701,0.1806022281,0.5947028768,0.0209584222,0.0768511812,0.1173608029,0.0264383876,115.46639616,0.6440221963,0.0660959691
31801,0.1899926829,0.5782859752,0.0312733979,0.0760541994,0.1142526993,0.0333384964,127.26409141,0.6788991702,0.0833462411
31901,0.1476841757,0.5895309033,0.0286112556,0.0756064565,0.1155230597,0.0301619015,100.07885832,0.6487907465,0.0754047537
32001,0.1776736535,0.61610152,0.0268215242,0.0757853693,0.1100479843,0.0303904919,132.62715626,0.676073857,0.0759762299
32101,0.1920483987,0.6163552264,0.0258408513,0.0782745807,0.1086985522,0.0259914507,141.23076771,0.676122852,0.0649786268
32201,0.1548864475,0.5888266312,0.0262345395,0.0750457945,0.1157977096,0.0304096602,103.92035194,0.6498894237,0.0760241504
32301,0.1707215258,0.5943972565,0.0286025445,0.0772855845,0.1140415679,0.0296966964,115.8377038,0.6620569577,0.074241741
32401,0.1336074606,0.6051256575,0.0257177844,0.0747041483,0.1138015598,0.0296751466,97.43171103,0.6443856988,0.0741878664
32501,0.1888337178,0.6115392928,0.0311215044,0.0739435131,0.117657584,0.0310556326,126.53609305,0.6585882932,0.0776390814
32601,0.1737715173,0.5796239049,0.0297371157,0.0743685322,0.1162211166,0.0255983517,108.85106885,0.6476226417,0.0639958791
32701,0.1444769852,0.5972588154,0.0239273988,0.077074967,0.1164055089,0.0301038678,98.83876202,0.6421794181,0.0752596694
32801,0.1728714436,0.6088474468,0.0240971412,0.0761667184,0.1196139837,0.0313178704,113.57970462,0.6446785278,0.078294676
32901,0.1657591864,0.6072540288,0.0240790911,0.0746221741,0.1149590255,0.0311931058,115.7707779,0.6560152471,0.0779827646
33001,0.1555483224,0.5984949018,0.0243455201,0.0748251422,0.1085468652,0.0315366364,117.95123962,0.6752503327,0.078841591
33101,0.1852962879,0.601000792,0.0220308739,0.0784904249,0.1126052396,0.0279898992,128.0612236,0.6650810126,0.069974748
33201,0.1517267085,0.5860825607,0.0225161294,0.0788880388,0.109330097,0.0294616952,109.97036598,0.6681252208,0.073654238
33301,0.1497341549,0.5941325883,0.0224080158,0.0758694204,0.1125831573,0.029998795,106.32693079,0.655538294,0.0749969874
33401,0.1805958026,0.5969118951,0.0237731126,0.0790420055,0.1118872553,0.0311480776,127.73855177,0.6743634114,0.077870194
33501,0.1719976782,0.5802034498,0.0240649974,0.0757935164,0.1148669429,0.0292241292,112.66245495,0.6568604716,0.073060323
33601,0.1584561006,0.6106522221,0.022106506,0.0760950194,0.1162390755,0.0320654349,110.84786246,0.6504692401,0.0801635873
33701,0.152068404,0.6184645446,0.0282385681,0.0733145062,0.1192929924,0.027339243,101.36136411,0.6286430483,0.0683481075
33801,0.1529376049,0.5821660449,0.0247954915,0.0765585559,0.1171359045,0.0302537041,99.81844038,0.6449799534,0.0756342603
33901,0.1718086877,0.6039937761,0.022831422,0.0743300723,0.1129627921,0.0316866631,122.59820314,0.6655309375,0.0792166577
34001,0.1623427437,0.5910518291,0.0279718446,0.0733978169,0.113662603,0.0289924996,110.55210101,0.6564314194,0.0724812491
34101,0.1519259966,0.6117883547,0.0276975795,0.0765867782,0.1196158042,0.0323976672,102.53229906,0.6404889107,0.0809941681
34201,0.1732997948,0.5983730228,0.0241503631,0.0736204868,0.1105383438,0.0332432198,127.88020933,0.6786165015,0.0831080496
34301,0.1715990592,0.6152408658,0.0340950989,0.0763347884,0.1194430752,0.0318478641,113.80181174,0.650478627,0.0796196602
34401,0.1538933776,0.5981618817,0.0247989878,0.0767212258,0.1188924827,0.0269560681,99.07497167,0.631361921,0.0673901703
34501,0.1684909112,0.5828363954,0.0295359297,0.0752906946,0.1104151796,0.0270416108,115.61960481,0.6673035385,0.067604027
34601,0.1568973987,0.6176862491,0.0283226637,0.0747132982,0.1135308202,0.0310687907,114.08233446,0.6583569049,0.0776719768
34701,0.1716966169,0.6059217921,0.0224945718,0.077024126,0.1207983507,0.0270949622,108.09088163,0.6313024094,0.0677374055
34801,0.1720403252,0.6033058109,0.0273867573,0.0739046505,0.1135690002,0.0281554913,118.43584997,0.657601912,0.0703887284
34901,0.1698860148,0.5936350776,0.0253792824,0.0753249925,0.1100130521,0.0287150191,121.14065475,0.6700683571,0.0717875478
35001,0.1808091408,0.5830421073,0.0337146376,0.0776455747,0.1135786277,0.0269359816,117.8177614,0.6649763714,0.0673399541
35101,0.1846842009,0.6072557259,0.0240579073,0.0764953291,0.1090164174,0.0271268131,134.5563091,0.6740140024,0.0678170328
35201,0.1466355362,0.5936364252,0.0237461382,0.0767865622,0.1192796496,0.0323278074,97.21666776,0.6387359834,0.0808195184
35301,0.1460496569,0.5933966506,0.030472103,0.0749428796,0.1089796671,0.0300563915,108.6975936,0.6699721049,0.0751409788
35401,0.1558386272,0.6053253045,0.025904425,0.0762925389,0.1177695769,0.03209777,105.9235542,0.6468534562,0.080244425
35501,0.1714711664,0.5843015169,0.0224738654,0.0745548669,0.1135694726,0.0318616744,117.40361195,0.6651556935,0.079654186
35601,0.1802817061,0.6084639751,0.0262149258,0.0738860382,0.1131247,0.032721833,129.62607084,0.6717006761,0.0818045826
35701,0.1815077924,0.5918763157,0.0247698115,0.078709869,0.1189496686,0.0336961444,117.81659561,0.6583252555,0.084240361
35801,0.1453312658,0.6091477848,0.0280407767,0.0740772987,0.1155627777,0.026853854,100.33868472,0.6376561018,0.067134635
35901,0.1934187803,0.6078899494,0.0252654173,0.075820129,0.1124023778,0.0325456864,139.91339004,0.6789168622,0.0813642161
36001,0.1386875301,0.6067544054,0.0322351223,0.0753929119,0.1134580523,0.0323911719,102.15866843,0.6575323101,0.0809779299
36101,0.1669778657,0.6027820503,0.0278361362,0.0740857496,0.1137685969,0.0295765637,115.90662516,0.6585889067,0.0739414092
36201,0.1832446007,0.5838711071,0.0289508433,0.0745810818,0.1155746935,0.0322433464,121.3111953,0.6672395961,0.0806083659
36301,0.1870947537,0.6077928431,0.0277975026,0.0762715175,0.111162601,0.0298877265,134.75488165,0.6759513841,0.0747193163
36401,0.154019178,0.6081087405,0.0329153486,0.0758977083,0.1131345634,0.032729181,111.88807937,0.6660199443,0.0818229525
36501,0.1523967471,0.6078834078,0.0239676416,0.0740084124,0.1125887378,0.0334035763,113.10763992,0.6635569099,0.0835089407
36601,0.1328391367,0.608858399,0.0320090577,0.0750127424,0.1170577425,0.0328463432,95.13362149,0.6436079854,0.0821158581
36701,0.1516827536,0.5910789708,0.0287270456,0.0750394264,0.1124799758,0.0285284501,105.5312279,0.6562715124,0.0713211252
36801,0.176454939,0.6104007129,0.026369616,0.0791389219,0.1137414861,0.030115086,123.67388908,0.6647038468,0.0752877151
36901,0.1920270336,0.5957985019,0.0247906833,0.0782433883,0.1196968852,0.0313609817,122.4005641,0.6542141526,0.0784024542
37001,0.1634596752,0.6028996564,0.0272808312,0.0739680728,0.1084941255,0.029672736,122.24281156,0.6745683084,0.0741818401
37101,0.1565235476,0.6180421032,0.0236676524,0.0792626411,0.1152666269,0.0275693335,108.95488665,0.6444947535,0.0689233339
37201,0.2012704762,0.6120617986,0.023608828,0.0786758337,0.1141197409,0.031571314,142.34591881,0.6741355329,0.0789282849
37301,0.1574211852,0.6041509299,0.020487871,0.0744296739,0.1206460302,0.0308035234,102.65168415,0.6317269309,0.0770088084
37401,0.1549362971,0.6119344489,0.0256120189,0.0753415151,0.1143474343,0.0330588465,112.25997033,0.6589459427,0.0826471163
37501,0.1849990489,0.6005111636,0.0231699117,0.0777777717,0.1130805179,0.0297418753,128.40938132,0.6676581626,0.0743546884
37601,0.168242498,0.5946071839,0.0317847298,0.0754997658,0.1098133373,0.0267851162,118.44600343,0.6688583511,0.0669627906
37701,0.1770632901,0.6041611974,0.0328793688,0.0756297067,0.1123857028,0.0287315122,123.52726341,0.6681284317,0.0718287806
37801,0.1388954505,0.6001737545,0.0222685828,0.0746287335,0.1140575157,0.0304376808,99.83613518,0.6461025177,0.0760942019
37901,0.1567171636,0.6134522666,0.0334822603,0.0748827558,0.1178047939,0.0268506743,104.01088593,0.6380091019,0.0671266857
38001,0.148881599,0.5882259262,0.0332674148,0.0733596225,0.1169063551,0.0271381873,96.77470413,0.6394731998,0.0678454682
38101,0.1600672822,0.6053406994,0.025032846,0.0762002444,0.1099531089,0.0278058047,116.65115864,0.6638181532,0.0695145116
38201,0.1516646926,0.6087074865,0.0284352128,0.076113896,0.1147709748,0.0297180646,106.42944285,0.6504926763,0.0742951616
38301,0.181266504,0.585144362,0.032915522,0.0766366842,0.1123600463,0.0302824455,123.36666247,0.6754012555,0.0757061138
38401,0.1554998511,0.6189242915,0.0279069591,0.0729598054,0.1176516234,0.0317450799,108.25772336,0.6446441913,0.0793626997
38501,0.1443147504,0.5822272323,0.0221860116,0.0764893997,0.1171122027,0.0284423703,94.52621097,0.6360630094,0.0711059258
38601,0.147806336,0.6076681331,0.0274788159,0.0765249799,0.1079650494,0.0278274008,112.39254092,0.6669175163,0.069568502
38701,0.1856115024,0.6040617641,0.0285102311,0.0755402502,0.1129888655,0.0299367763,129.66341724,0.6698824302,0.0748419407
38801,0.13202669,0.5979973841,0.0238252013,0.076064988,0.1080137307,0.0286086273,102.21918442,0.6610185852,0.0715215682
38901,0.1454658794,0.6082492405,0.0265841451,0.0746899934,0.1154030042,0.0318297527,103.6906058,0.6491631991,0.0795743819
39001,0.1686807598,0.585849883,0.022590731,0.075567187,0.1146659159,0.0335838056,115.57246469,0.664959929,0.0839595139
39101,0.1636571157,0.5910564309,0.0243706621,0.075381948,0.1077857911,0.027362348,119.16060663,0.6716300954,0.0684058699
39201,0.1609194884,0.6021896408,0.0285991662,0.0766533663,0.115720821,0.0295036026,109.02069674,0.6514631545,0.0737590064
39301,0.1626075982,0.6034692092,0.023986754,0.0757544378,0.1140321335,0.0331399761,115.91741322,0.6631953403,0.0828499402
39401,0.1606193166,0.6115849483,0.0239934787,0.07524697,0.1119028499,0.0321730296,118.9261846,0.6664536594,0.0804325739
39501,0.1577935316,0.6169377626,0.0334308496,0.0791444069,0.118015949,0.0289222443,105.91140819,0.6441012375,0.0723056107
39601,0.1439575069,0.6006383213,0.0268147917,0.0741324812,0.1081164193,0.0278765851,108.79433301,0.6640292928,0.0696914628
39701,0.1941780039,0.6008343765,0.0320320056,0.0757137912,0.114899341,0.0278014982,129.34947608,0.6642635296,0.0695037454
39801,0.1778768421,0.6001445764,0.0290683076,0.0750506806,0.1129346339,0.028893566,122.83322127,0.6651634785,0.0722339149
39901,0.1572787839,0.605945234,0.0333187508,0.0747697901,0.1140763238,0.0297408135,109.85208715,0.6570347115,0.0743520338
40001,0.1528185717,0.5839044388,0.024476768,0.0747087739,0.1106687064,0.0291363242,108.16088202,0.6623396813,0.0728408105
40101,0.1494334225,0.6015782351,0.0280339237,0.0781583137,0.1160144087,0.0295929362,102.0358476,0.6466493629,0.0739823404
40201,0.1657280543,0.6118575514,0.025447819,0.076783322,0.117294992,0.0294784633,111.73349225,0.6459841139,0.0736961583
40301,0.1332953507,0.5897344262,0.0294576884,0.0725154513,0.1131644675,0.0278378399,94.21671928,0.644107512,0.0695945998
40401,0.1684848321,0.5837215132,0.0303363175,0.0764389574,0.1178666534,0.0338368884,109.72377568,0.6595465413,0.084592221
40501,0.1605706325,0.5884973606,0.0268964817,0.0753368999,0.1115502226,0.029370405,112.2791388,0.6641711661,0.0734260125
40601,0.173257641,0.6069359447,0.0240979524,0.0734808632,0.113625044,0.0293714422,121.15388469,0.6585475259,0.0734286054
40701,0.1823072543,0.6044219699,0.0241950807,0.0746856699,0.1169507524,0.0287471318,120.67504743,0.6507681276,0.0718678295
40801,0.169971506,0.6161500904,0.0260074201,0.0741925777,0.118399623,0.0272492909,112.22447257,0.6379932769,0.0681232272
40901,0.1514462112,0.6145727094,0.0235547864,0.0751889471,0.1176607747,0.0321030927,105.55374377,0.6430505155,0.0802577318
41001,0.1503338639,0.6128825438,0.0244469259,0.0793312468,0.1185570838,0.0266897999,99.80958521,0.6303950123,0.0667244998
41101,0.1477270782,0.6078137791,0.0284588348,0.0756977035,0.113359714,0.0295738421,105.87761543,0.6530905957,0.0739346053
41201,0.146590498,0.6138666339,0.0236944063,0.078272414,0.1112263306,0.0322036579,111.53498897,0.6645097127,0.0805091447
41301,0.1797552357,0.6143868578,0.0225498406,0.0753194023,0.1100127524,0.0268034579,130.89806319,0.6664629677,0.0670086447
41401,0.1980913297,0.6016695986,0.0277254197,0.0771547744,0.1119744048,0.0296295571,139.39134732,0.6774961993,0.0740738928
41501,0.1732979846,0.5908626258,0.0309998653,0.074105847,0.1091928784,0.0264903235,121.83275623,0.6712855245,0.0662258088
41601,0.1683260412,0.6011848137,0.0293398964,0.0769217113,0.1141186524,0.0288827581,114.98890446,0.6586980579,0.0722068953
41701,0.1678469233,0.5908129075,0.0299253097,0.0763045983,0.1141754906,0.0273892926,111.46106271,0.655827102,0.0684732314
41801,0.1645382525,0.6006784236,0.0302753163,0.0752265618,0.1127038854,0.0290691855,114.89499048,0.6619099761,0.0726729637
41901,0.1511877397,0.6036749944,0.0271002238,0.0781299555,0.1129450474,0.0291111872,107.25685081,0.6556318331,0.072777968
42001,0.1556258694,0.6044114564,0.0267607471,0.0746173136,0.1089940406,0.0291000065,116.22432796,0.6684976381,0.0727500163
42101,0.1813539692,0.6108047414,0.0262736342,0.0738293782,0.1086189936,0.0298208664,136.38083207,0.6799748856,0.0745521661
42201,0.1431362848,0.6023243023,0.0242046816,0.0745691564,0.1134188226,0.0319515196,104.27975615,0.6543430918,0.0798787991
42301,0.1828989185,0.6015238918,0.0212111111,0.0745463249,0.1145889916,0.0316455371,126.79255173,0.6637310691,0.0791138426
42401,0.184316455,0.6068332758,0.0289389493,0.0737839249,0.1101751566,0.0295334759,134.15426302,0.6767689224,0.0738336897
42501,0.1703513662,0.6063041525,0.0334882777,0.0738340757,0.1193256423,0.0294039088,110.10293633,0.6441964829,0.073509772
42601,0.162422323,0.5862839017,0.02884901,0.0788802126,0.1128475434,0.033716094,113.94906125,0.6737992182,0.0842902351
42701,0.1664972387,0.5801583972,0.0209045955,0.0758752867,0.1165834698,0.029147283,107.27335025,0.6474477551,0.0728682075
42801,0.1807642863,0.6057095703,0.0284846838,0.0756060046,0.1196716994,0.0287799077,115.55947869,0.6442449429,0.0719497693
42901,0.1475612086,0.5985011714,0.0253756715,0.0770966043,0.1167796029,0.0314964755,100.9965389,0.6460416289,0.0787411889
43001,0.1467661408,0.6025888486,0.0252196827,0.0758868416,0.117320051,0.0288612567,99.09859435,0.6370149397,0.0721531417
43101,0.1905026928,0.5878625279,0.0335204816,0.0735489427,0.1218981705,0.0318034525,116.42995865,0.6504688247,0.0795086313
43201,0.1699927043,0.6056629349,0.0204249366,0.0734109772,0.1190332691,0.031798019,112.93802476,0.6434943345,0.0794950476
43301,0.1489365466,0.5915167302,0.0227044938,0.0752810654,0.1097948502,0.0307676972,109.98244566,0.6664829437,0.0769192429
43401,0.1832095289,0.5828916149,0.0275488587,0.0769356138,0.113713674,0.031277061,123.20656213,0.671607491,0.0781926525
43501,0.1705783313,0.6072951753,0.0308919447,0.0780431472,0.1175312411,0.030215649,113.33716766,0.6524670464,0.0755391226
43601,0.1822453938,0.6007033578,0.0214004984,0.0753057231,0.1107409688,0.0311096215,132.30615407,0.6754023372,0.0777740538
43701,0.1861506583,0.6077562284,0.0308986559,0.0788773928,0.1147415652,0.0300460584,127.43968083,0.6672421994,0.0751151459
43801,0.1411302643,0.6059751872,0.0222988657,0.0735885024,0.1171003572,0.0324197589,99.52453303,0.6405673269,0.0810493972
43901,0.1482355663,0.602871825,0.029873391,0.0753789931,0.1059111196,0.030690616,117.31488006,0.6820563935,0.0767265401
44001,0.1755353774,0.6082317715,0.0296864817,0.0767811786,0.1158395823,0.0325309973,121.13161672,0.663702904,0.0813274933
44101,0.1400381964,0.6038965546,0.0259460291,0.0750027809,0.1215521371,0.0305609432,91.97027438,0.6241184649,0.076402358
44201,0.1715690332,0.584804145,0.0242893312,0.0749401897,0.1141989831,0.0312853979,115.94624532,0.6628666112,0.0782134948
44301,0.1345064988,0.6075465351,0.0278140062,0.0741704521,0.113418664,0.028320887,97.83172188,0.6435063559,0.0708022174
44401,0.1714533134,0.6036501219,0.0238560288,0.0751421911,0.1131309149,0.0289023701,119.59224732,0.6593238616,0.0722559253
44501,0.1520427214,0.6144709266,0.0257791021,0.074497201,0.1186902646,0.0296115473,102.83528532,0.6351341568,0.0740288681
44601,0.1452689566,0.6108327018,0.0309830412,0.0748507012,0.1162417031,0.0274132432,99.80901292,0.6384343673,0.0685331081
44701,0.1704002002,0.593569849,0.0317740866,0.0778004737,0.1115037847,0.0309698326,120.15276877,0.6750757584,0.0774245816
44801,0.1724774778,0.6058433383,0.0257007218,0.0778817954,0.1108378209,0.030217813,125.14680571,0.6723471446,0.0755445324
44901,0.1863409567,0.6070449848,0.0254747256,0.0759563311,0.1085850795,0.0292854648,138.53359233,0.6814911,0.073213662
45001,0.1717923702,0.5844485033,0.0203906964,0.0736449146,0.1110992736,0.0295993509,119.97158092,0.6666171599,0.0739983772
45101,0.1553378131,0.6016729843,0.0302299303,0.0730672389,0.11438041,0.028364739,106.93342664,0.6500781341,0.0709118475
45201,0.1791069769,0.6064613486,0.025276811,0.0741766466,0.1159933526,0.0300855812,121.49698859,0.6556957148,0.0752139531
45301,0.150500118,0.5959140526,0.022124622,0.0747349298,0.1183857957,0.0328394806,101.37356424,0.6423549528,0.0820987016
45401,0.1454299455,0.5835156679,0.0299712995,0.076851089,0.1195036965,0.0287491202,92.13824217,0.6338016065,0.0718728005
45501,0.1632908609,0.6068118319,0.0227702498,0.0756991644,0.115007861,0.0259662891,110.4372738,0.6430817557,0.0649157228
45601,0.1584341711,0.6028506524,0.0314060698,0.0755216982,0.1119699997,0.0270260138,111.08633793,0.6578237064,0.0675650346
45701,0.1847955345,0.5997291415,0.0235693762,0.075167409,0.1144595012,0.0328180214,128.63876641,0.6691485472,0.0820450536
45801,0.1622846894,0.58359167,0.0247708101,0.0785615321,0.1102546101,0.0285626008,113.54974854,0.668163095,0.0714065021
45901,0.1346365816,0.6137475172,0.0267822665,0.0765591593,0.1143134394,0.0327697752,100.5915099,0.6512019861,0.081924438
46001,0.178450215,0.6208379912,0.0252383064,0.077660488,0.1140214422,0.0281762657,125.40796977,0.6581439606,0.0704406643
46101,0.1335754992,0.584901549,0.0260886068,0.075976233,0.1148635319,0.0333764356,94.88133916,0.6519301993,0.083441089
46201,0.1645302747,0.6189568179,0.0249362076,0.0750986919,0.1120521671,0.0290054215,120.00836728,0.6598638854,0.0725135538
46301,0.1323944866,0.5992756612,0.0239714883,0.0741532379,0.1105157676,0.0265769246,98.11337374,0.6468949502,0.0664423116
46401,0.1584834711,0.6129564996,0.0280024981,0.0765651528,0.1088433497,0.0307554182,121.19234254,0.6750032342,0.0768885455
46501,0.1434921972,0.5975472853,0.026854255,0.0776149319,0.1179776688,0.0313231637,96.92140395,0.6411506996,0.0783079094
46601,0.1812450574,0.5902826061,0.0222125274,0.0742316384,0.1108718983,0.0327262722,130.53884183,0.6790645368,0.0818156804
46701,0.1771061513,0.6062187662,0.0261007275,0.0765715982,0.11281898,0.0297208264,124.64325191,0.6659615437,0.074302066
46801,0.1596850564,0.6003328973,0.0278773616,0.0771824205,0.1100813084,0.032348631,118.65085622,0.6763225199,0.0808715776
46901,0.1518074135,0.6173396182,0.025033396,0.0760647552,0.1114427611,0.0316514601,114.68638787,0.6638294103,0.0791286502
47001,0.1717843364,0.6007608998,0.0313623532,0.0774929638,0.1175544964,0.0287794883,111.7470156,0.6502196136,0.0719487208
47101,0.1500856934,0.6038312411,0.0209143133,0.0740654774,0.107832955,0.0291407226,115.04516537,0.6673098584,0.0728518066
47201,0.1845586343,0.5812477471,0.024826646,0.0785183679,0.1065615324,0.0292143616,134.65115643,0.6902245456,0.073035904
47301,0.1621055133,0.6169711789,0.0234775188,0.0782499705,0.1166999698,0.0326558619,113.71056798,0.6530288763,0.0816396547
47401,0.153261467,0.5989847857,0.0272495078,0.0785027753,0.1173670435,0.0272410188,100.54229083,0.6386620151,0.0681025469
47501,0.164131868,0.6145870832,0.031190788,0.0742932758,0.1165670766,0.0300071911,112.42960292,0.6502779056,0.0750179777
47601,0.1474695983,0.5944158638,0.023708357,0.0746329339,0.114991695,0.0291850951,101.35514881,0.644803961,0.0729627377
47701,0.1626607419,0.6040371912,0.0241201149,0.0751255492,0.1157426574,0.0288134831,110.38541306,0.6473661777,0.0720337077
47801,0.1655642861,0.6042412965,0.0212758356,0.0775421371,0.1088559863,0.0290469688,122.95800151,0.6713740244,0.0726174221
47901,0.1810368003,0.5966378747,0.0232556899,0.0761159119,0.1116211931,0.0325721727,130.08105992,0.6770962188,0.0814304317
48001,0.1534949136,0.6118042588,0.0248117115,0.0754722823,0.1105566487,0.0311759023,115.70920536,0.6663367497,0.0779397557
48101,0.1815624662,0.6082458061,0.028590916,0.0737681686,0.1099616416,0.0286849338,132.15620441,0.6742149491,0.0717123345
48201,0.179050844,0.6142065908,0.0311689546,0.0774047974,0.1122698405,0.0292683841,127.68028531,0.6697036758,0.0731709602
48301,0.1778393058,0.6130188508,0.027512714,0.078328193,0.1170160102,0.0289838741,119.08729524,0.6521961163,0.0724596852
48401,0.1722728887,0.5899988356,0.0242872878,0.0776928804,0.1144162443,0.0297807537,115.72977812,0.6599902583,0.0744518842
48501,0.1635422236,0.5865649199,0.027508623,0.0780546553,0.1100854314,0.0296860668,115.90644947,0.6727277951,0.0742151669
48601,0.155089261,0.6164636352,0.027777563,0.0749983274,0.1096569697,0.0322072756,119.78647725,0.6733849833,0.080518189
48701,0.1508499029,0.6038235903,0.0272912538,0.0751996433,0.1104263965,0.0276272253,109.80572693,0.6589828419,0.0690680632
48801,0.1639279819,0.6197950121,0.0246564942,0.0764629236,0.1091756587,0.0300446111,125.31793587,0.6720985651,0.0751115278
48901,0.1544428986,0.5841852921,0.0245184045,0.0760263676,0.1106552545,0.0338578314,112.82230027,0.6750725626,0.0846445784
49001,0.1985509607,0.6056576663,0.024635702,0.0747544144,0.1150444406,0.0339763943,139.67192607,0.6747786564,0.0849409857
49101,0.1354642792,0.6071341384,0.0333890905,0.0745273515,0.1124454756,0.031901011,101.44345816,0.658585724,0.0797525275
49201,0.1372534558,0.6028319633,0.0292749032,0.0759032993,0.1122408784,0.0265949194,98.63839998,0.6465602285,0.0664872985
49301,0.1652479224,0.6229088273,0.0200929161,0.0796659874,0.1198681769,0.0292597516,110.09608068,0.6351168828,0.0731493791
49401,0.1900654837,0.6108778836,0.0269969309,0.0760362164,0.1093143605,0.0297934881,141.1619742,0.6821015233,0.0744837202
49501,0.1692886391,0.6120960318,0.0254153791,0.077638195,0.119003429,0.0318821421,113.08240402,0.6476206234,0.0797053552
49601,0.1631115235,0.6000433989,0.0238416504,0.0744397391,0.1182365581,0.0347361784,110.62142222,0.6526751171,0.0868404459
49701,0.1631346571,0.587349334,0.0256296256,0.0766766857,0.1125215282,0.0279860261,111.11549879,0.6589264038,0.0699650652
49801,0.1366333495,0.6110057156,0.0255182426,0.0780704102,0.1146188838,0.0338266173,101.51124093,0.6538471181,0.0845665433
49901,0.1514921065,0.6071163747,0.0270547615,0.0772799657,0.1169315205,0.0332006911,105.5034648,0.6513247404,0.0830017277
